{
	"camera": {
		"screen": {
			"width": 1024,
			"height": 768
		},
		"mvp": [
			[
				[
					1.2803300619125366,
					-0.98559856414794922,
					-0.577465832233429,
					-0.57735031843185425
				],
				[
					0,
					1.9711971282958984,
					-0.577465832233429,
					-0.57735031843185425
				],
				[
					-1.2803300619125366,
					-0.98559856414794922,
					-0.577465832233429,
					-0.57735031843185425
				],
				[
					0,
					0,
					1730.397216796875,
					1732.051025390625
				]
			],
			[
				[
					1.8106601238250732,
					0,
					0,
					0
				],
				[
					0,
					2.4142134189605713,
					0,
					0
				],
				[
					0,
					0,
					-1.0002000331878662,
					-1
				],
				[
					-90.5330047607422,
					-1207.106689453125,
					11500.30078125,
					11500
				]
			],
			[
				[
					1.8106601238250732,
					0,
					0,
					0
				],
				[
					0,
					2.4142134189605713,
					0,
					0
				],
				[
					0,
					0,
					-1.0002000331878662,
					-1
				],
				[
					-90.5330047607422,
					-1207.106689453125,
					11500.30078125,
					11500
				]
			]
		]
	}
}